{
  "scene": "Scene3",
  "scene_matrix": [
    [
      1,
      0,
      0,
      0
    ],
    [
      0,
      1,
      0,
      0
    ],
    [
      0,
      0,
      1,
      0
    ],
    [
      0,
      0,
      0,
      1
    ]
  ],
  "layouts": {
    "A": {
      "tx": [
        2.4541170617603423,
        0.3694356532597692,
        5.662794449899161
      ],
      "rx": [
        [
          -1.21262076172491,
          0.8873792391181441,
          4.121117383944424
        ],
        [
          -0.26894873452554185,
          -0.2474329314959675,
          7.22944240596312
        ],
        [
          2.5007584218736767,
          0.6217293075391683,
          4.981492390943572
        ]
      ]
    },
    "B": {
      "tx": [
        0.659526268939395,
        1.0892950373553134,
        3.859510018368639
      ],
      "rx": [
        [
          -0.8792139231989405,
          -0.12628197759974275,
          7.358745812340093
        ],
        [
          2.406359558133818,
          0.24366012441209653,
          6.405776904178866
        ],
        [
          -0.06782557799037425,
          1.0899972385864274,
          3.828545560012577
        ]
      ]
    },
    "C": {
      "tx": [
        2.178876637242717,
        0.7729903323608399,
        4.574742686123206
      ],
      "rx": [
        [
          -1.7202822781728786,
          0.5686483774005955,
          5.493874949607684
        ],
        [
          1.0361109874035983,
          -0.23323121600507768,
          7.391053191936063
        ],
        [
          1.775364933588902,
          0.9964617784078351,
          4.0115031120376665
        ]
      ]
    }
  }
}