{
  "scene": "Scene2",
  "tx": [0.62851124, -1.08806139, 0.01993734],
  "rx": [
    [0.41202504, 2.97651455, 0.02596234],
    [1.30517124, 1.76991134, 0.000208976278],
    [-3.40882228, -1.20002765, -0.07493947]
  ],
  "scene_matrix": [
    [0.19411774240452895, 0.01167825188066586, 0.9809087218068667, 0.8347051851260479],
    [0.003995411874468585, 0.9999114308150333, -0.012695164803432718, 1.093013572122541],
    [-0.9809701008530902, 0.006383491085972776, 0.19405389012805924, 0.40135003246759715],
    [0.0, 0.0, 0.0, 1.0]
  ]
}

